3001120, 156, 142, 19, 213, 53, 181, 13, 
6074278, 4, 19, 28, 297, 217, 210, 182, 
9104262, 180, 73, 185, 278, 178, 218, 6, 
1212561, 268, 156, 277, 265, 144, 26, 213, 
15144153, 156, 95, 56, 172, 222, 146, 216, 
18165150, 217, 238, 283, 288, 240, 153, 158, 
21185165, 198, 116, 130, 265, 277, 225, 99, 
24205125, 95, 121, 294, 163, 273, 180, 231, 
27226220, 162, 222, 109, 115, 152, 11, 184, 
30245116, 236, 224, 205, 170, 79, 58, 52, 
3326650, 41, 224, 260, 152, 278, 46, 207, 
3001120, 156, 142, 19, 213, 53, 181, 13, 
6026278, 4, 19, 28, 297, 217, 210, 182, 
9046262, 180, 73, 185, 278, 178, 218, 6, 
1206561, 268, 156, 277, 265, 144, 26, 213, 
15086153, 156, 95, 56, 172, 222, 146, 216, 
18107150, 217, 238, 283, 288, 240, 153, 158, 
21127165, 198, 116, 130, 265, 277, 225, 99, 
24147125, 95, 121, 294, 163, 273, 180, 231, 
27168220, 162, 222, 109, 115, 152, 11, 184, 
30188116, 236, 224, 205, 170, 79, 58, 52, 
3320950, 41, 224, 260, 152, 278, 46, 207, 
3622980, 171, 43, 130, 162, 13, 61, 195, 
3925589, 228, 211, 277, 270, 222, 160, 201, 
42275148, 15, 64, 288, 29, 219, 82, 6, 
4529564, 56, 164, 213, 15, 210, 127, 213, 
3001120, 156, 142, 19, 213, 53, 181, 13, 
6021278, 4, 19, 28, 297, 217, 210, 182, 
9051262, 180, 73, 185, 278, 178, 218, 6, 
1207161, 268, 156, 277, 265, 144, 26, 213, 
15091153, 156, 95, 56, 172, 222, 146, 216, 
18112150, 217, 238, 283, 288, 240, 153, 158, 
21132165, 198, 116, 130, 265, 277, 225, 99, 
24153125, 95, 121, 294, 163, 273, 180, 231, 
27173220, 162, 222, 109, 115, 152, 11, 184, 
30199116, 236, 224, 205, 170, 79, 58, 52, 
3321950, 41, 224, 260, 152, 278, 46, 207, 
3624080, 171, 43, 130, 162, 13, 61, 195, 
3926089, 228, 211, 277, 270, 222, 160, 201, 
42280148, 15, 64, 288, 29, 219, 82, 6, 
4531264, 56, 164, 213, 15, 210, 127, 213, 
48331171, 98, 27, 69, 54, 243, 290, 79, 
51352293, 245, 121, 54, 207, 151, 176, 68, 
5437284, 53, 82, 180, 15, 196, 173, 212, 
5739341, 297, 237, 62, 242, 191, 277, 19, 
60412132, 148, 185, 154, 146, 147, 94, 229, 
6343378, 147, 258, 45, 199, 191, 75, 43, 
66459253, 129, 199, 127, 228, 247, 257, 91, 
69480175, 142, 30, 128, 52, 58, 101, 228, 
72501188, 282, 217, 250, 94, 85, 179, 129, 
75522294, 136, 28, 205, 61, 48, 90, 21, 
78541179, 148, 93, 37, 137, 126, 116, 96, 
8156226, 42, 64, 274, 244, 3, 149, 108, 
84583203, 120, 246, 296, 184, 223, 100, 291, 
8760468, 102, 193, 260, 167, 18, 129, 81, 
9062527, 251, 52, 216, 192, 290, 32, 72, 
93645183, 162, 24, 63, 56, 149, 87, 55, 
96666250, 168, 21, 107, 253, 116, 44, 52, 
99693148, 28, 296, 35, 138, 146, 8, 135, 
10271458, 216, 129, 233, 38, 16, 54, 252, 
10573521, 251, 247, 192, 137, 73, 13, 261, 
108756259, 109, 43, 222, 71, 100, 25, 68, 
111777221, 212, 288, 152, 36, 262, 228, 170, 
114798160, 177, 10, 109, 52, 85, 191, 65, 
117819159, 27, 151, 216, 179, 75, 114, 60, 
120841282, 249, 241, 101, 18, 158, 295, 139, 
123862226, 112, 226, 92, 115, 139, 2, 48, 
126883184, 143, 296, 112, 298, 123, 279, 73, 
129905105, 239, 174, 138, 65, 91, 136, 217, 
13292776, 23, 265, 61, 66, 130, 44, 293, 
135964266, 29, 263, 191, 46, 204, 104, 56, 
13898584, 179, 104, 68, 190, 78, 50, 280, 
14200772, 118, 88, 88, 137, 70, 75, 76, 
145028153, 243, 151, 61, 84, 78, 100, 273, 
14804991, 42, 297, 216, 129, 77, 216, 177, 
151070150, 77, 79, 277, 261, 84, 191, 195, 
154092106, 71, 248, 144, 43, 282, 22, 171, 
157114177, 276, 73, 164, 140, 203, 3, 212, 
160146165, 92, 223, 197, 161, 81, 107, 278, 
16316859, 47, 183, 14, 113, 82, 230, 8, 
3001120, 156, 142, 19, 213, 53, 181, 13, 
6026278, 4, 19, 28, 297, 217, 210, 182, 
9046262, 180, 73, 185, 278, 178, 218, 6, 
1206661, 268, 156, 277, 265, 144, 26, 213, 
15086153, 156, 95, 56, 172, 222, 146, 216, 
18107150, 217, 238, 283, 288, 240, 153, 158, 
21127165, 198, 116, 130, 265, 277, 225, 99, 
24147125, 95, 121, 294, 163, 273, 180, 231, 
27168220, 162, 222, 109, 115, 152, 11, 184, 
30188116, 236, 224, 205, 170, 79, 58, 52, 
3320950, 41, 224, 260, 152, 278, 46, 207, 
3622980, 171, 43, 130, 162, 13, 61, 195, 
3924889, 228, 211, 277, 270, 222, 160, 201, 
42275148, 15, 64, 288, 29, 219, 82, 6, 
4529564, 56, 164, 213, 15, 210, 127, 213, 
48315171, 98, 27, 69, 54, 243, 290, 79, 
51335293, 245, 121, 54, 207, 151, 176, 68, 
5435584, 53, 82, 180, 15, 196, 173, 212, 
5737541, 297, 237, 62, 242, 191, 277, 19, 
60396132, 148, 185, 154, 146, 147, 94, 229, 
6341778, 147, 258, 45, 199, 191, 75, 43, 
3001120, 156, 142, 19, 213, 53, 181, 13, 
6021278, 4, 19, 28, 297, 217, 210, 182, 
9040262, 180, 73, 185, 278, 178, 218, 6, 
3001120, 156, 142, 19, 213, 53, 181, 13, 
6026278, 4, 19, 28, 297, 217, 210, 182, 
9046262, 180, 73, 185, 278, 178, 218, 6, 
1206661, 268, 156, 277, 265, 144, 26, 213, 
15087153, 156, 95, 56, 172, 222, 146, 216, 
18107150, 217, 238, 283, 288, 240, 153, 158, 
21128165, 198, 116, 130, 265, 277, 225, 99, 
24159125, 95, 121, 294, 163, 273, 180, 231, 
27180220, 162, 222, 109, 115, 152, 11, 184, 
30199116, 236, 224, 205, 170, 79, 58, 52, 
3322050, 41, 224, 260, 152, 278, 46, 207, 
3624180, 171, 43, 130, 162, 13, 61, 195, 
3927789, 228, 211, 277, 270, 222, 160, 201, 
42298148, 15, 64, 288, 29, 219, 82, 6, 
4531864, 56, 164, 213, 15, 210, 127, 213, 
48338171, 98, 27, 69, 54, 243, 290, 79, 
51358293, 245, 121, 54, 207, 151, 176, 68, 
5437984, 53, 82, 180, 15, 196, 173, 212, 
5739941, 297, 237, 62, 242, 191, 277, 19, 
60420132, 148, 185, 154, 146, 147, 94, 229, 
6344078, 147, 258, 45, 199, 191, 75, 43, 
66460253, 129, 199, 127, 228, 247, 257, 91, 
69481175, 142, 30, 128, 52, 58, 101, 228, 
72502188, 282, 217, 250, 94, 85, 179, 129, 
75529294, 136, 28, 205, 61, 48, 90, 21, 
78548179, 148, 93, 37, 137, 126, 116, 96, 
8156926, 42, 64, 274, 244, 3, 149, 108, 
84590203, 120, 246, 296, 184, 223, 100, 291, 
8761168, 102, 193, 260, 167, 18, 129, 81, 
9063327, 251, 52, 216, 192, 290, 32, 72, 
93654183, 162, 24, 63, 56, 149, 87, 55, 
96674250, 168, 21, 107, 253, 116, 44, 52, 
99695148, 28, 296, 35, 138, 146, 8, 135, 
10271658, 216, 129, 233, 38, 16, 54, 252, 
10573821, 251, 247, 192, 137, 73, 13, 261, 
108765259, 109, 43, 222, 71, 100, 25, 68, 
111785221, 212, 288, 152, 36, 262, 228, 170, 
114806160, 177, 10, 109, 52, 85, 191, 65, 
117827159, 27, 151, 216, 179, 75, 114, 60, 
120849282, 249, 241, 101, 18, 158, 295, 139, 
3001120, 156, 142, 19, 213, 53, 181, 13, 
7021278, 4, 19, 28, 297, 217, 210, 182, 
11041262, 180, 73, 185, 278, 178, 218, 6, 
1506361, 268, 156, 277, 265, 144, 26, 213, 
19083153, 156, 95, 56, 172, 222, 146, 216, 
23104150, 217, 238, 283, 288, 240, 153, 158, 
27125165, 198, 116, 130, 265, 277, 225, 99, 
31152125, 95, 121, 294, 163, 273, 180, 231, 
35173220, 162, 222, 109, 115, 152, 11, 184, 
39216116, 236, 224, 205, 170, 79, 58, 52, 
4323650, 41, 224, 260, 152, 278, 46, 207, 
4725780, 171, 43, 130, 162, 13, 61, 195, 
5127789, 228, 211, 277, 270, 222, 160, 201, 
55299148, 15, 64, 288, 29, 219, 82, 6, 
5932064, 56, 164, 213, 15, 210, 127, 213, 
63340171, 98, 27, 69, 54, 243, 290, 79, 
67360293, 245, 121, 54, 207, 151, 176, 68, 
7138284, 53, 82, 180, 15, 196, 173, 212, 
7540841, 297, 237, 62, 242, 191, 277, 19, 
79429132, 148, 185, 154, 146, 147, 94, 229, 
8345078, 147, 258, 45, 199, 191, 75, 43, 
87472253, 129, 199, 127, 228, 247, 257, 91, 
91493175, 142, 30, 128, 52, 58, 101, 228, 
95513188, 282, 217, 250, 94, 85, 179, 129, 
99535294, 136, 28, 205, 61, 48, 90, 21, 
103556179, 148, 93, 37, 137, 126, 116, 96, 
10757726, 42, 64, 274, 244, 3, 149, 108, 
111598203, 120, 246, 296, 184, 223, 100, 291, 
11562068, 102, 193, 260, 167, 18, 129, 81, 
11964227, 251, 52, 216, 192, 290, 32, 72, 
123669183, 162, 24, 63, 56, 149, 87, 55, 
127690250, 168, 21, 107, 253, 116, 44, 52, 
131712148, 28, 296, 35, 138, 146, 8, 135, 
13573458, 216, 129, 233, 38, 16, 54, 252, 
13975521, 251, 247, 192, 137, 73, 13, 261, 
143777259, 109, 43, 222, 71, 100, 25, 68, 
147799221, 212, 288, 152, 36, 262, 228, 170, 
151821160, 177, 10, 109, 52, 85, 191, 65, 
155842159, 27, 151, 216, 179, 75, 114, 60, 
159863282, 249, 241, 101, 18, 158, 295, 139, 
163886226, 112, 226, 92, 115, 139, 2, 48, 
167913184, 143, 296, 112, 298, 123, 279, 73, 
171935105, 239, 174, 138, 65, 91, 136, 217, 
17595876, 23, 265, 61, 66, 130, 44, 293, 
179979266, 29, 263, 191, 46, 204, 104, 56, 
18400184, 179, 104, 68, 190, 78, 50, 280, 
18802272, 118, 88, 88, 137, 70, 75, 76, 
192044153, 243, 151, 61, 84, 78, 100, 273, 
19607691, 42, 297, 216, 129, 77, 216, 177, 
200098150, 77, 79, 277, 261, 84, 191, 195, 
204131106, 71, 248, 144, 43, 282, 22, 171, 
208153177, 276, 73, 164, 140, 203, 3, 212, 
212175165, 92, 223, 197, 161, 81, 107, 278, 
21620359, 47, 183, 14, 113, 82, 230, 8, 
22022476, 171, 37, 261, 246, 4, 119, 100, 
22424687, 230, 259, 138, 121, 297, 51, 246, 
228269188, 182, 77, 91, 15, 164, 284, 124, 
23229011, 121, 180, 153, 276, 58, 243, 105, 
236312116, 296, 36, 150, 111, 72, 108, 70, 
240334267, 295, 166, 213, 182, 132, 229, 256, 
244357180, 45, 128, 30, 124, 214, 113, 55, 
248378223, 225, 175, 187, 25, 121, 237, 220, 
2524003, 250, 279, 8, 196, 119, 170, 282, 
25642251, 26, 268, 76, 19, 215, 45, 16, 
260450246, 59, 126, 290, 155, 210, 86, 6, 
26447288, 212, 97, 73, 85, 64, 113, 268, 
268493224, 202, 114, 153, 3, 261, 236, 126, 
27251627, 5, 124, 194, 110, 211, 26, 24, 
276538246, 240, 127, 291, 180, 109, 152, 88, 
280560261, 49, 109, 247, 254, 215, 229, 74, 
28458295, 21, 154, 45, 101, 15, 241, 116, 
28860536, 262, 5, 237, 204, 187, 231, 26, 
29262763, 60, 291, 189, 21, 19, 162, 22, 
29664977, 24, 94, 253, 163, 255, 116, 148, 
30067282, 231, 2, 213, 75, 66, 92, 276, 
304693226, 292, 268, 212, 42, 195, 182, 212, 
30872218, 208, 253, 206, 39, 10, 291, 74, 
312743263, 29, 142, 251, 23, 8, 16, 229, 
31676782, 87, 282, 136, 268, 38, 71, 273, 
320789138, 253, 291, 90, 112, 286, 298, 273, 
324812192, 46, 212, 184, 62, 263, 143, 194, 
328835129, 256, 68, 90, 286, 84, 95, 236, 
332858214, 269, 269, 99, 214, 215, 269, 100, 
336881255, 170, 170, 225, 8, 274, 84, 177, 
340903234, 252, 235, 73, 21, 218, 174, 255, 
344927114, 2, 162, 17, 125, 116, 178, 283, 
348960250, 143, 263, 36, 26, 161, 64, 198, 
3001120, 156, 142, 19, 213, 53, 181, 13
7020278, 4, 19, 28, 297, 217, 210, 182
11040262, 180, 73, 185, 278, 178, 218, 6
1506261, 268, 156, 277, 265, 144, 26, 213
19082153, 156, 95, 56, 172, 222, 146, 216
23113150, 217, 238, 283, 288, 240, 153, 158
27134165, 198, 116, 130, 265, 277, 225, 99
31155125, 95, 121, 294, 163, 273, 180, 231
35176220, 162, 222, 109, 115, 152, 11, 184
39197116, 236, 224, 205, 170, 79, 58, 52
4321750, 41, 224, 260, 152, 278, 46, 207
4723880, 171, 43, 130, 162, 13, 61, 195
5126489, 228, 211, 277, 270, 222, 160, 201
55285148, 15, 64, 288, 29, 219, 82, 6
5930564, 56, 164, 213, 15, 210, 127, 213
63327171, 98, 27, 69, 54, 243, 290, 79
67347293, 245, 121, 54, 207, 151, 176, 68
7136784, 53, 82, 180, 15, 196, 173, 212
7538741, 297, 237, 62, 242, 191, 277, 19
79409132, 148, 185, 154, 146, 147, 94, 229
8342978, 147, 258, 45, 199, 191, 75, 43
87450253, 129, 199, 127, 228, 247, 257, 91
91470175, 142, 30, 128, 52, 58, 101, 228
95492188, 282, 217, 250, 94, 85, 179, 129
99518294, 136, 28, 205, 61, 48, 90, 21
103538179, 148, 93, 37, 137, 126, 116, 96
10755826, 42, 64, 274, 244, 3, 149, 108
111580203, 120, 246, 296, 184, 223, 100, 291
11560168, 102, 193, 260, 167, 18, 129, 81
11962127, 251, 52, 216, 192, 290, 32, 72
123642183, 162, 24, 63, 56, 149, 87, 55
127663250, 168, 21, 107, 253, 116, 44, 52
131684148, 28, 296, 35, 138, 146, 8, 135
13570458, 216, 129, 233, 38, 16, 54, 252
13972521, 251, 247, 192, 137, 73, 13, 261
143746259, 109, 43, 222, 71, 100, 25, 68
147783221, 212, 288, 152, 36, 262, 228, 170
151804160, 177, 10, 109, 52, 85, 191, 65
155825159, 27, 151, 216, 179, 75, 114, 60
159846282, 249, 241, 101, 18, 158, 295, 139
163867226, 112, 226, 92, 115, 139, 2, 48
167887184, 143, 296, 112, 298, 123, 279, 73
171909105, 239, 174, 138, 65, 91, 136, 217
17593076, 23, 265, 61, 66, 130, 44, 293
179950266, 29, 263, 191, 46, 204, 104, 56
18397084, 179, 104, 68, 190, 78, 50, 280
18800272, 118, 88, 88, 137, 70, 75, 76
192022153, 243, 151, 61, 84, 78, 100, 273
19604991, 42, 297, 216, 129, 77, 216, 177
200070150, 77, 79, 277, 261, 84, 191, 195
204090106, 71, 248, 144, 43, 282, 22, 171
208111177, 276, 73, 164, 140, 203, 3, 212
212132165, 92, 223, 197, 161, 81, 107, 278
21615359, 47, 183, 14, 113, 82, 230, 8
22017476, 171, 37, 261, 246, 4, 119, 100
22419487, 230, 259, 138, 121, 297, 51, 246
228215188, 182, 77, 91, 15, 164, 284, 124
23223711, 121, 180, 153, 276, 58, 243, 105
236258116, 296, 36, 150, 111, 72, 108, 70
240279267, 295, 166, 213, 182, 132, 229, 256
244305180, 45, 128, 30, 124, 214, 113, 55
248327223, 225, 175, 187, 25, 121, 237, 220
2523483, 250, 279, 8, 196, 119, 170, 282
25636951, 26, 268, 76, 19, 215, 45, 16
260389246, 59, 126, 290, 155, 210, 86, 6
26441188, 212, 97, 73, 85, 64, 113, 268
268431224, 202, 114, 153, 3, 261, 236, 126
27245227, 5, 124, 194, 110, 211, 26, 24
276472246, 240, 127, 291, 180, 109, 152, 88
280494261, 49, 109, 247, 254, 215, 229, 74
28451595, 21, 154, 45, 101, 15, 241, 116
28853636, 262, 5, 237, 204, 187, 231, 26
29256263, 60, 291, 189, 21, 19, 162, 22
29658477, 24, 94, 253, 163, 255, 116, 148
30061582, 231, 2, 213, 75, 66, 92, 276
304636226, 292, 268, 212, 42, 195, 182, 212
30865818, 208, 253, 206, 39, 10, 291, 74
312678263, 29, 142, 251, 23, 8, 16, 229
31669982, 87, 282, 136, 268, 38, 71, 273
320719138, 253, 291, 90, 112, 286, 298, 273
324741192, 46, 212, 184, 62, 263, 143, 194
328762129, 256, 68, 90, 286, 84, 95, 236
332783214, 269, 269, 99, 214, 215, 269, 100
336804255, 170, 170, 225, 8, 274, 84, 177
340832234, 252, 235, 73, 21, 218, 174, 255
344853114, 2, 162, 17, 125, 116, 178, 283
3001120, 156, 142, 19, 213, 53
7019181, 13, 278, 4, 19, 28
3001120, 156, 142, 19, 213, 53
7019181, 13, 278, 4, 19, 28
11038297, 217, 210, 182, 262, 180
1505773, 185, 278, 178, 218, 6
1907761, 268, 156, 277, 265, 144
2309626, 213, 153, 156, 95, 56
27116172, 222, 146, 216, 150, 217
31135238, 283, 288, 240, 153, 158
35154165, 198, 116, 130, 265, 277
39175225, 99, 125, 95, 121, 294
43194163, 273, 180, 231, 220, 162
47219222, 109, 115, 152, 11, 184
51238116, 236, 224, 205, 170, 79
5525958, 52, 50, 41, 224, 260
59278152, 278, 46, 207, 80, 171
6329743, 130, 162, 13, 61, 195
6731689, 228, 211, 277, 270, 222
71336160, 201, 148, 15, 64, 288
7535629, 219, 82, 6, 64, 56
79375164, 213, 15, 210, 127, 213
83395171, 98, 27, 69, 54, 243
87414290, 79, 293, 245, 121, 54
91433207, 151, 176, 68, 84, 53
9545382, 180, 15, 196, 173, 212
9947341, 297, 237, 62, 242, 191
103503277, 19, 132, 148, 185, 154
107523146, 147, 94, 229, 78, 147
111542258, 45, 199, 191, 75, 43
115561253, 129, 199, 127, 228, 247
119581257, 91, 175, 142, 30, 128
12360052, 58, 101, 228, 188, 282
127621217, 250, 94, 85, 179, 129
131640294, 136, 28, 205, 61, 48
13566090, 21, 179, 148, 93, 37
139679137, 126, 116, 96, 26, 42
14369964, 274, 244, 3, 149, 108
147719203, 120, 246, 296, 184, 223
151739100, 291, 68, 102, 193, 260
155758167, 18, 129, 81, 27, 251
15977852, 216, 192, 290, 32, 72
163798183, 162, 24, 63, 56, 149
16781887, 55, 250, 168, 21, 107
171854253, 116, 44, 52, 148, 28
175874296, 35, 138, 146, 8, 135
17989458, 216, 129, 233, 38, 16
18391354, 252, 21, 251, 247, 192
187933137, 73, 13, 261, 259, 109
19195343, 222, 71, 100, 25, 68
195973221, 212, 288, 152, 36, 262
199993228, 170, 160, 177, 10, 109
20401352, 85, 191, 65, 159, 27
208032151, 216, 179, 75, 114, 60
212052282, 249, 241, 101, 18, 158
216073295, 139, 226, 112, 226, 92
220093115, 139, 2, 48, 184, 143
224113296, 112, 298, 123, 279, 73
228133105, 239, 174, 138, 65, 91
232159136, 217, 76, 23, 265, 61
23617966, 130, 44, 293, 266, 29
240198263, 191, 46, 204, 104, 56
24421884, 179, 104, 68, 190, 78
24823950, 280, 72, 118, 88, 88
252259137, 70, 75, 76, 153, 243
256290151, 61, 84, 78, 100, 273
26031091, 42, 297, 216, 129, 77
264330216, 177, 150, 77, 79, 277
268350261, 84, 191, 195, 106, 71
272370248, 144, 43, 282, 22, 171
276390177, 276, 73, 164, 140, 203
2804113, 212, 165, 92, 223, 197
284431161, 81, 107, 278, 59, 47
288451183, 14, 113, 82, 230, 8
29247576, 171, 37, 261, 246, 4
296495119, 100, 87, 230, 259, 138
300515121, 297, 51, 246, 188, 182
30453577, 91, 15, 164, 284, 124
30855611, 121, 180, 153, 276, 58
312577243, 105, 116, 296, 36, 150
3001120, 156, 142, 19, 213, 53
7019181, 13, 278, 4, 19, 28
11038297, 217, 210, 182, 262, 180
1505773, 185, 278, 178, 218, 6
1907761, 268, 156, 277, 265, 144
2310726, 213, 153, 156, 95, 56
27126172, 222, 146, 216, 150, 217
31147238, 283, 288, 240, 153, 158
35166165, 198, 116, 130, 265, 277
39185225, 99, 125, 95, 121, 294
43204163, 273, 180, 231, 220, 162
47223222, 109, 115, 152, 11, 184
51244116, 236, 224, 205, 170, 79
5526358, 52, 50, 41, 224, 260
59283152, 278, 46, 207, 80, 171
6330243, 130, 162, 13, 61, 195
6732289, 228, 211, 277, 270, 222
71343160, 201, 148, 15, 64, 288
7536229, 219, 82, 6, 64, 56
79382164, 213, 15, 210, 127, 213
83401171, 98, 27, 69, 54, 243
87421290, 79, 293, 245, 121, 54
91441207, 151, 176, 68, 84, 53
9546182, 180, 15, 196, 173, 212
9948141, 297, 237, 62, 242, 191
103517277, 19, 132, 148, 185, 154
107537146, 147, 94, 229, 78, 147
111557258, 45, 199, 191, 75, 43
115576253, 129, 199, 127, 228, 247
119597257, 91, 175, 142, 30, 128
12361752, 58, 101, 228, 188, 282
3001120, 156, 142, 19, 213, 53
7019181, 13, 278, 4, 19, 28
11038297, 217, 210, 182, 262, 180
1505873, 185, 278, 178, 218, 6
1907861, 268, 156, 277, 265, 144
2309826, 213, 153, 156, 95, 56
27117172, 222, 146, 216, 150, 217
31137238, 283, 288, 240, 153, 158
35156165, 198, 116, 130, 265, 277
39182225, 99, 125, 95, 121, 294
3001120, 156, 142, 19, 213, 53
7019181, 13, 278, 4, 19, 28
11038297, 217, 210, 182, 262, 180
1505873, 185, 278, 178, 218, 6
1907861, 268, 156, 277, 265, 144
2309826, 213, 153, 156, 95, 56
3001120, 156, 142, 19, 213, 53
7019181, 13, 278, 4, 19, 28
11038297, 217, 210, 182, 262, 180
1505873, 185, 278, 178, 218, 6
3001120, 156, 142, 19, 213, 53
7019181, 13, 278, 4, 19, 28
11038297, 217, 210, 182, 262, 180
1505873, 185, 278, 178, 218, 6
1907861, 268, 156, 277, 265, 144
2310326, 213, 153, 156, 95, 56
27122172, 222, 146, 216, 150, 217
3001120, 156, 142, 19, 213, 53
3001120, 156, 142, 19, 213, 53
7019181, 13, 278, 4, 19, 28
11038297, 217, 210, 182, 262, 180
1505773, 185, 278, 178, 218, 6
1907861, 268, 156, 277, 265, 144
2309726, 213, 153, 156, 95, 56
27116172, 222, 146, 216, 150, 217
31136238, 283, 288, 240, 153, 158
3001120, 156, 142, 19, 213, 53
7019181, 13, 278, 4, 19, 28
11038297, 217, 210, 182, 262, 180
1505873, 185, 278, 178, 218, 6
1907861, 268, 156, 277, 265, 144
2310326, 213, 153, 156, 95, 56
27122172, 222, 146, 216, 150, 217
31142238, 283, 288, 240, 153, 158
35162165, 198, 116, 130, 265, 277
39182225, 99, 125, 95, 121, 294
43201163, 273, 180, 231, 220, 162
47221222, 109, 115, 152, 11, 184
51240116, 236, 224, 205, 170, 79
5526158, 52, 50, 41, 224, 260
59280152, 278, 46, 207, 80, 171
6330043, 130, 162, 13, 61, 195
6731989, 228, 211, 277, 270, 222
71340160, 201, 148, 15, 64, 288
7535929, 219, 82, 6, 64, 56
79379164, 213, 15, 210, 127, 213
83404171, 98, 27, 69, 54, 243
87424290, 79, 293, 245, 121, 54
91444207, 151, 176, 68, 84, 53
9547382, 180, 15, 196, 173, 212
9949341, 297, 237, 62, 242, 191
103513277, 19, 132, 148, 185, 154
107533146, 147, 94, 229, 78, 147
111553258, 45, 199, 191, 75, 43
3001120, 156, 142, 19, 213, 53
7059181, 13, 278, 4, 19, 28
11078297, 217, 210, 182, 262, 180
1509773, 185, 278, 178, 218, 6
1911761, 268, 156, 277, 265, 144
2313726, 213, 153, 156, 95, 56
27156172, 222, 146, 216, 150, 217
31176238, 283, 288, 240, 153, 158
35202165, 198, 116, 130, 265, 277
39221225, 99, 125, 95, 121, 294
43240163, 273, 180, 231, 220, 162
47260222, 109, 115, 152, 11, 184
51280116, 236, 224, 205, 170, 79
5530058, 52, 50, 41, 224, 260
59319152, 278, 46, 207, 80, 171
6333943, 130, 162, 13, 61, 195
6735889, 228, 211, 277, 270, 222
71378160, 201, 148, 15, 64, 288
7539929, 219, 82, 6, 64, 56
79418164, 213, 15, 210, 127, 213
83438171, 98, 27, 69, 54, 243
87457290, 79, 293, 245, 121, 54
91476207, 151, 176, 68, 84, 53
9550282, 180, 15, 196, 173, 212
9952241, 297, 237, 62, 242, 191
103541277, 19, 132, 148, 185, 154
107561146, 147, 94, 229, 78, 147
111582258, 45, 199, 191, 75, 43
115601253, 129, 199, 127, 228, 247
119621257, 91, 175, 142, 30, 128
12364152, 58, 101, 228, 188, 282
127662217, 250, 94, 85, 179, 129
131681294, 136, 28, 205, 61, 48
13570190, 21, 179, 148, 93, 37
139720137, 126, 116, 96, 26, 42
14374064, 274, 244, 3, 149, 108
147761203, 120, 246, 296, 184, 223
151791100, 291, 68, 102, 193, 260
155816167, 18, 129, 81, 27, 251
15984852, 216, 192, 290, 32, 72
163867183, 162, 24, 63, 56, 149
16788787, 55, 250, 168, 21, 107
171908253, 116, 44, 52, 148, 28
175928296, 35, 138, 146, 8, 135
17994758, 216, 129, 233, 38, 16
18396754, 252, 21, 251, 247, 192
187987137, 73, 13, 261, 259, 109
19200843, 222, 71, 100, 25, 68
196028221, 212, 288, 152, 36, 262
200048228, 170, 160, 177, 10, 109
20406852, 85, 191, 65, 159, 27
208089151, 216, 179, 75, 114, 60
212108282, 249, 241, 101, 18, 158
216129295, 139, 226, 112, 226, 92
220154115, 139, 2, 48, 184, 143
224175296, 112, 298, 123, 279, 73
228195105, 239, 174, 138, 65, 91
232216136, 217, 76, 23, 265, 61
23623666, 130, 44, 293, 266, 29
240257263, 191, 46, 204, 104, 56
24427784, 179, 104, 68, 190, 78
24829750, 280, 72, 118, 88, 88
252317137, 70, 75, 76, 153, 243
256337151, 61, 84, 78, 100, 273
26035891, 42, 297, 216, 129, 77
264378216, 177, 150, 77, 79, 277
268398261, 84, 191, 195, 106, 71
272418248, 144, 43, 282, 22, 171
276439177, 276, 73, 164, 140, 203
2804653, 212, 165, 92, 223, 197
284485161, 81, 107, 278, 59, 47
288505183, 14, 113, 82, 230, 8
29252676, 171, 37, 261, 246, 4
296546119, 100, 87, 230, 259, 138
300566121, 297, 51, 246, 188, 182
30458677, 91, 15, 164, 284, 124
30860811, 121, 180, 153, 276, 58
312628243, 105, 116, 296, 36, 150
316659111, 72, 108, 70, 267, 295
320691166, 213, 182, 132, 229, 256
324711180, 45, 128, 30, 124, 214
328732113, 55, 223, 225, 175, 187
33275225, 121, 237, 220, 3, 250
336774279, 8, 196, 119, 170, 282
34080051, 26, 268, 76, 19, 215
34481945, 16, 246, 59, 126, 290
348840155, 210, 86, 6, 88, 212
35286197, 73, 85, 64, 113, 268
356881224, 202, 114, 153, 3, 261
360902236, 126, 27, 5, 124, 194
364922110, 211, 26, 24, 246, 240
368943127, 291, 180, 109, 152, 88
372964261, 49, 109, 247, 254, 215
376984229, 74, 95, 21, 154, 45
381005101, 15, 241, 116, 36, 262
3850265, 237, 204, 187, 231, 26
38904763, 60, 291, 189, 21, 19
393067162, 22, 77, 24, 94, 253
397087163, 255, 116, 148, 82, 231
4011142, 213, 75, 66, 92, 276
405134226, 292, 268, 212, 42, 195
409155182, 212, 18, 208, 253, 206
41317639, 10, 291, 74, 263, 29
417197142, 251, 23, 8, 16, 229
42121782, 87, 282, 136, 268, 38
42523871, 273, 138, 253, 291, 90
429258112, 286, 298, 273, 192, 46
433280212, 184, 62, 263, 143, 194
437301129, 256, 68, 90, 286, 84
44132195, 236, 214, 269, 269, 99
445342214, 215, 269, 100, 255, 170
449363170, 225, 8, 274, 84, 177
453384234, 252, 235, 73, 21, 218
457405174, 255, 114, 2, 162, 17
461426125, 116, 178, 283, 250, 143
465453263, 36, 26, 161, 64, 198
469484101, 87, 52, 237, 195, 103
47350535, 218, 72, 203, 134, 271
477527120, 76, 176, 265, 89, 20
48154899, 65, 12, 288, 280, 260
485579156, 28, 217, 177, 58, 22
489600234, 257, 75, 54, 270, 246
493621133, 112, 23, 40, 195, 164
49764236, 145, 44, 271, 213, 126
501662105, 217, 33, 265, 141, 258
505683246, 236, 144, 269, 234, 17
50970576, 112, 176, 71, 223, 133
513726157, 186, 244, 234, 241, 33
517747236, 251, 10, 22, 289, 21
521768180, 139, 166, 81, 21, 265
525795233, 81, 283, 125, 29, 172
529816114, 106, 14, 276, 258, 272
533837150, 217, 37, 236, 276, 162
53785970, 207, 214, 114, 22, 275
541880107, 220, 157, 211, 160, 174
54590148, 101, 194, 240, 257, 289
549922172, 87, 97, 227, 129, 189
553944127, 81, 205, 105, 32, 54
557965215, 140, 264, 245, 215, 150
561986199, 4, 298, 220, 188, 8
566007108, 76, 181, 229, 104, 217
570029271, 101, 102, 117, 269, 225
57405075, 171, 190, 162, 263, 285
578072175, 30, 161, 126, 190, 198
582093109, 114, 275, 215, 203, 161
586121120, 178, 169, 123, 148, 21
59014236, 29, 154, 191, 87, 152
594163180, 274, 90, 87, 256, 266
598184194, 277, 184, 82, 158, 191
602206150, 282, 81, 3, 150, 180
606227109, 227, 187, 170, 111, 228
61024899, 50, 239, 133, 103, 50
614268248, 173, 38, 139, 288, 34
618291109, 83, 137, 151, 17, 48
622322133, 184, 73, 262, 103, 212
62634397, 41, 257, 135, 191, 79
630365298, 23, 124, 49, 292, 234
63438681, 240, 167, 39, 290, 241
638407183, 52, 8, 218, 272, 205
642428114, 260, 218, 184, 227, 139
64645669, 131, 230, 51, 289, 182
650476248, 263, 98, 121, 198, 6
654509149, 12, 277, 150, 236, 196
65853070, 208, 173, 153, 152, 96
662551167, 153, 33, 81, 166, 104
666572254, 27, 69, 88, 81, 110
6705941, 154, 290, 195, 100, 170
674615205, 193, 257, 102, 11, 19
678637243, 103, 107, 184, 224, 280
682658277, 69, 262, 68, 48, 247
68668064, 143, 213, 188, 45, 183
6907011, 183, 254, 264, 121, 154
694722163, 183, 86, 183, 87, 237
698744261, 21, 51, 195, 3, 296
702766246, 204, 16, 170, 5, 292
70679330, 117, 227, 5, 143, 8
71081371, 55, 46, 255, 48, 244
71483420, 49, 147, 58, 24, 236
71885679, 112, 90, 221, 224, 269
722878185, 69, 213, 141, 287, 4
726898216, 253, 35, 56, 262, 267
730920116, 93, 47, 69, 192, 143
734942183, 130, 1, 25, 164, 153
738963228, 264, 14, 223, 287, 285
742985146, 28, 62, 107, 208, 73
74700545, 117, 127, 7, 24, 199
75102882, 249, 172, 20, 231, 262
75504916, 224, 225, 202, 119, 62
759070115, 156, 116, 50, 180, 208
763091130, 83, 161, 9, 147, 100
767119166, 29, 89, 214, 89, 163
77114067, 107, 170, 231, 273, 139
775173288, 55, 287, 70, 297, 266
3001120, 156, 142, 19, 213, 53
7019181, 13, 278, 4, 19, 28
11038297, 217, 210, 182, 262, 180
1505773, 185, 278, 178, 218, 6
1907861, 268, 156, 277, 265, 144
2309726, 213, 153, 156, 95, 56
27116172, 222, 146, 216, 150, 217
31136238, 283, 288, 240, 153, 158
35155165, 198, 116, 130, 265, 277
39176225, 99, 125, 95, 121, 294
43205163, 273, 180, 231, 220, 162
47225222, 109, 115, 152, 11, 184
51251116, 236, 224, 205, 170, 79
5527058, 52, 50, 41, 224, 260
59289152, 278, 46, 207, 80, 171
6330943, 130, 162, 13, 61, 195
6732989, 228, 211, 277, 270, 222
71349160, 201, 148, 15, 64, 288
7536829, 219, 82, 6, 64, 56
79387164, 213, 15, 210, 127, 213
83407171, 98, 27, 69, 54, 243
87427290, 79, 293, 245, 121, 54
91447207, 151, 176, 68, 84, 53
9546682, 180, 15, 196, 173, 212
9948641, 297, 237, 62, 242, 191
103505277, 19, 132, 148, 185, 154
107526146, 147, 94, 229, 78, 147
111545258, 45, 199, 191, 75, 43
115570253, 129, 199, 127, 228, 247
119590257, 91, 175, 142, 30, 128
12361152, 58, 101, 228, 188, 282
127630217, 250, 94, 85, 179, 129
131650294, 136, 28, 205, 61, 48
13566990, 21, 179, 148, 93, 37
139689137, 126, 116, 96, 26, 42
14371064, 274, 244, 3, 149, 108
147729203, 120, 246, 296, 184, 223
151749100, 291, 68, 102, 193, 260
155781167, 18, 129, 81, 27, 251
15980052, 216, 192, 290, 32, 72
163820183, 162, 24, 63, 56, 149
16783987, 55, 250, 168, 21, 107
171859253, 116, 44, 52, 148, 28
175885296, 35, 138, 146, 8, 135
17990558, 216, 129, 233, 38, 16
18392554, 252, 21, 251, 247, 192
187945137, 73, 13, 261, 259, 109
19196543, 222, 71, 100, 25, 68
195985221, 212, 288, 152, 36, 262
200005228, 170, 160, 177, 10, 109
20402552, 85, 191, 65, 159, 27
208045151, 216, 179, 75, 114, 60
212076282, 249, 241, 101, 18, 158
216096295, 139, 226, 112, 226, 92
220116115, 139, 2, 48, 184, 143
224137296, 112, 298, 123, 279, 73
228157105, 239, 174, 138, 65, 91
232177136, 217, 76, 23, 265, 61
23620366, 130, 44, 293, 266, 29
240223263, 191, 46, 204, 104, 56
24424384, 179, 104, 68, 190, 78
24826350, 280, 72, 118, 88, 88
252283137, 70, 75, 76, 153, 243
256304151, 61, 84, 78, 100, 273
26032491, 42, 297, 216, 129, 77
264344216, 177, 150, 77, 79, 277
268364261, 84, 191, 195, 106, 71
272385248, 144, 43, 282, 22, 171
276405177, 276, 73, 164, 140, 203
2804253, 212, 165, 92, 223, 197
284445161, 81, 107, 278, 59, 47
288465183, 14, 113, 82, 230, 8
29248676, 171, 37, 261, 246, 4
296506119, 100, 87, 230, 259, 138
300532121, 297, 51, 246, 188, 182
30455277, 91, 15, 164, 284, 124
30858411, 121, 180, 153, 276, 58
312604243, 105, 116, 296, 36, 150
316625111, 72, 108, 70, 267, 295
320646166, 213, 182, 132, 229, 256
324666180, 45, 128, 30, 124, 214
328687113, 55, 223, 225, 175, 187
33270725, 121, 237, 220, 3, 250
336728279, 8, 196, 119, 170, 282
34074951, 26, 268, 76, 19, 215
34476945, 16, 246, 59, 126, 290
348789155, 210, 86, 6, 88, 212
35280997, 73, 85, 64, 113, 268
356830224, 202, 114, 153, 3, 261
360856236, 126, 27, 5, 124, 194
364876110, 211, 26, 24, 246, 240
368898127, 291, 180, 109, 152, 88
372918261, 49, 109, 247, 254, 215
376949229, 74, 95, 21, 154, 45
380969101, 15, 241, 116, 36, 262
3849915, 237, 204, 187, 231, 26
38901163, 60, 291, 189, 21, 19
393031162, 22, 77, 24, 94, 253
397051163, 255, 116, 148, 82, 231
4010732, 213, 75, 66, 92, 276
405093226, 292, 268, 212, 42, 195
409114182, 212, 18, 208, 253, 206
41313439, 10, 291, 74, 263, 29
417155142, 251, 23, 8, 16, 229
42118182, 87, 282, 136, 268, 38
42520271, 273, 138, 253, 291, 90
429222112, 286, 298, 273, 192, 46
433244212, 184, 62, 263, 143, 194
437264129, 256, 68, 90, 286, 84
44128595, 236, 214, 269, 269, 99
445305214, 215, 269, 100, 255, 170
449327170, 225, 8, 274, 84, 177
453347234, 252, 235, 73, 21, 218
457368174, 255, 114, 2, 162, 17
461400125, 116, 178, 283, 250, 143
465421263, 36, 26, 161, 64, 198
469442101, 87, 52, 237, 195, 103
47346235, 218, 72, 203, 134, 271
477484120, 76, 176, 265, 89, 20
48151099, 65, 12, 288, 280, 260
485531156, 28, 217, 177, 58, 22
489552234, 257, 75, 54, 270, 246
493573133, 112, 23, 40, 195, 164
49759436, 145, 44, 271, 213, 126
501614105, 217, 33, 265, 141, 258
505635246, 236, 144, 269, 234, 17
50965776, 112, 176, 71, 223, 133
513678157, 186, 244, 234, 241, 33
517699236, 251, 10, 22, 289, 21
521719180, 139, 166, 81, 21, 265
525741233, 81, 283, 125, 29, 172
529762114, 106, 14, 276, 258, 272
533783150, 217, 37, 236, 276, 162
53780470, 207, 214, 114, 22, 275
541832107, 220, 157, 211, 160, 174
54586348, 101, 194, 240, 257, 289
549884172, 87, 97, 227, 129, 189
553906127, 81, 205, 105, 32, 54
557927215, 140, 264, 245, 215, 150
561948199, 4, 298, 220, 188, 8
565968108, 76, 181, 229, 104, 217
569991271, 101, 102, 117, 269, 225
57401175, 171, 190, 162, 263, 285
578033175, 30, 161, 126, 190, 198
582054109, 114, 275, 215, 203, 161
586076120, 178, 169, 123, 148, 21
59009736, 29, 154, 191, 87, 152
594118180, 274, 90, 87, 256, 266
598139194, 277, 184, 82, 158, 191
602167150, 282, 81, 3, 150, 180
606187109, 227, 187, 170, 111, 228
61020899, 50, 239, 133, 103, 50
614241248, 173, 38, 139, 288, 34
618262109, 83, 137, 151, 17, 48
622282133, 184, 73, 262, 103, 212
62630597, 41, 257, 135, 191, 79
630325298, 23, 124, 49, 292, 234
63434681, 240, 167, 39, 290, 241
638367183, 52, 8, 218, 272, 205
642388114, 260, 218, 184, 227, 139
64641069, 131, 230, 51, 289, 182
650431248, 263, 98, 121, 198, 6
654452149, 12, 277, 150, 236, 196
65847370, 208, 173, 153, 152, 96
662500167, 153, 33, 81, 166, 104
666522254, 27, 69, 88, 81, 110
6705431, 154, 290, 195, 100, 170
674564205, 193, 257, 102, 11, 19
678586243, 103, 107, 184, 224, 280
682607277, 69, 262, 68, 48, 247
68662864, 143, 213, 188, 45, 183
6906501, 183, 254, 264, 121, 154
694671163, 183, 86, 183, 87, 237
698692261, 21, 51, 195, 3, 296
702713246, 204, 16, 170, 5, 292
70673530, 117, 227, 5, 143, 8
71076771, 55, 46, 255, 48, 244
71478720, 49, 147, 58, 24, 236
71880979, 112, 90, 221, 224, 269
722831185, 69, 213, 141, 287, 4
726857216, 253, 35, 56, 262, 267
730878116, 93, 47, 69, 192, 143
734900183, 130, 1, 25, 164, 153
738921228, 264, 14, 223, 287, 285
742942146, 28, 62, 107, 208, 73
74696345, 117, 127, 7, 24, 199
75098682, 249, 172, 20, 231, 262
75500616, 224, 225, 202, 119, 62
759027115, 156, 116, 50, 180, 208
763049130, 83, 161, 9, 147, 100
767071166, 29, 89, 214, 89, 163
77110367, 107, 170, 231, 273, 139
775124288, 55, 287, 70, 297, 266
3001120, 156, 142, 19, 213, 53
7019181, 13, 278, 4, 19, 28
11074297, 217, 210, 182, 262, 180
1510073, 185, 278, 178, 218, 6
1912661, 268, 156, 277, 265, 144
2315226, 213, 153, 156, 95, 56
27177172, 222, 146, 216, 150, 217
31204238, 283, 288, 240, 153, 158
35229165, 198, 116, 130, 265, 277
39256225, 99, 125, 95, 121, 294
43282163, 273, 180, 231, 220, 162
47307222, 109, 115, 152, 11, 184
51334116, 236, 224, 205, 170, 79
5536058, 52, 50, 41, 224, 260
59385152, 278, 46, 207, 80, 171
6341243, 130, 162, 13, 61, 195
6743789, 228, 211, 277, 270, 222
71470160, 201, 148, 15, 64, 288
7549529, 219, 82, 6, 64, 56
79521164, 213, 15, 210, 127, 213
83548171, 98, 27, 69, 54, 243
87574290, 79, 293, 245, 121, 54
91600207, 151, 176, 68, 84, 53
9562682, 180, 15, 196, 173, 212
9965341, 297, 237, 62, 242, 191
103690277, 19, 132, 148, 185, 154
107716146, 147, 94, 229, 78, 147
111742258, 45, 199, 191, 75, 43
115769253, 129, 199, 127, 228, 247
119795257, 91, 175, 142, 30, 128
12382252, 58, 101, 228, 188, 282
127848217, 250, 94, 85, 179, 129
131874294, 136, 28, 205, 61, 48
13590690, 21, 179, 148, 93, 37
139932137, 126, 116, 96, 26, 42
14395964, 274, 244, 3, 149, 108
147996203, 120, 246, 296, 184, 223
152023100, 291, 68, 102, 193, 260
156049167, 18, 129, 81, 27, 251
16007552, 216, 192, 290, 32, 72
164102183, 162, 24, 63, 56, 149
16812887, 55, 250, 168, 21, 107
172155253, 116, 44, 52, 148, 28
176182296, 35, 138, 146, 8, 135
18020858, 216, 129, 233, 38, 16
18423554, 252, 21, 251, 247, 192
188261137, 73, 13, 261, 259, 109
19228743, 222, 71, 100, 25, 68
196320221, 212, 288, 152, 36, 262
200346228, 170, 160, 177, 10, 109
20437452, 85, 191, 65, 159, 27
208400151, 216, 179, 75, 114, 60
212426282, 249, 241, 101, 18, 158
216453295, 139, 226, 112, 226, 92
220480115, 139, 2, 48, 184, 143
224506296, 112, 298, 123, 279, 73
228534105, 239, 174, 138, 65, 91
232561136, 217, 76, 23, 265, 61
23658866, 130, 44, 293, 266, 29
240614263, 191, 46, 204, 104, 56
24464184, 179, 104, 68, 190, 78
24866850, 280, 72, 118, 88, 88
252695137, 70, 75, 76, 153, 243
256728151, 61, 84, 78, 100, 273
26075491, 42, 297, 216, 129, 77
264780216, 177, 150, 77, 79, 277
268818261, 84, 191, 195, 106, 71
272844248, 144, 43, 282, 22, 171
276872177, 276, 73, 164, 140, 203
2808993, 212, 165, 92, 223, 197
284925161, 81, 107, 278, 59, 47
288952183, 14, 113, 82, 230, 8
29297976, 171, 37, 261, 246, 4
297007119, 100, 87, 230, 259, 138
301033121, 297, 51, 246, 188, 182
30507277, 91, 15, 164, 284, 124
30909811, 121, 180, 153, 276, 58
313125243, 105, 116, 296, 36, 150
317158111, 72, 108, 70, 267, 295
321185166, 213, 182, 132, 229, 256
325213180, 45, 128, 30, 124, 214
329240113, 55, 223, 225, 175, 187
33326725, 121, 237, 220, 3, 250
337294279, 8, 196, 119, 170, 282
34132151, 26, 268, 76, 19, 215
34534845, 16, 246, 59, 126, 290
349375155, 210, 86, 6, 88, 212
35340297, 73, 85, 64, 113, 268
357429224, 202, 114, 153, 3, 261
361456236, 126, 27, 5, 124, 194
365484110, 211, 26, 24, 246, 240
369510127, 291, 180, 109, 152, 88
373537261, 49, 109, 247, 254, 215
377565229, 74, 95, 21, 154, 45
381597101, 15, 241, 116, 36, 262
3856255, 237, 204, 187, 231, 26
38965263, 60, 291, 189, 21, 19
393679162, 22, 77, 24, 94, 253
397706163, 255, 116, 148, 82, 231
4017332, 213, 75, 66, 92, 276
405761226, 292, 268, 212, 42, 195
409788182, 212, 18, 208, 253, 206
41381539, 10, 291, 74, 263, 29
417843142, 251, 23, 8, 16, 229
42186982, 87, 282, 136, 268, 38
42589671, 273, 138, 253, 291, 90
429924112, 286, 298, 273, 192, 46
433951212, 184, 62, 263, 143, 194
437990129, 256, 68, 90, 286, 84
44202295, 236, 214, 269, 269, 99
446050214, 215, 269, 100, 255, 170
450078170, 225, 8, 274, 84, 177
454105234, 252, 235, 73, 21, 218
458143174, 255, 114, 2, 162, 17
462171125, 116, 178, 283, 250, 143
466198263, 36, 26, 161, 64, 198
470225101, 87, 52, 237, 195, 103
47425335, 218, 72, 203, 134, 271
478280120, 76, 176, 265, 89, 20
48230899, 65, 12, 288, 280, 260
486336156, 28, 217, 177, 58, 22
490363234, 257, 75, 54, 270, 246
494391133, 112, 23, 40, 195, 164
49841836, 145, 44, 271, 213, 126
502451105, 217, 33, 265, 141, 258
506478246, 236, 144, 269, 234, 17
51050776, 112, 176, 71, 223, 133
514534157, 186, 244, 234, 241, 33
518561236, 251, 10, 22, 289, 21
522589180, 139, 166, 81, 21, 265
526617233, 81, 283, 125, 29, 172
530644114, 106, 14, 276, 258, 272
534672150, 217, 37, 236, 276, 162
53870070, 207, 214, 114, 22, 275
542728107, 220, 157, 211, 160, 174
54675648, 101, 194, 240, 257, 289
550784172, 87, 97, 227, 129, 189
554812127, 81, 205, 105, 32, 54
558839215, 140, 264, 245, 215, 150
562873199, 4, 298, 220, 188, 8
566900108, 76, 181, 229, 104, 217
570928271, 101, 102, 117, 269, 225
57495675, 171, 190, 162, 263, 285
578983175, 30, 161, 126, 190, 198
583012109, 114, 275, 215, 203, 161
587040120, 178, 169, 123, 148, 21
59106836, 29, 154, 191, 87, 152
595095180, 274, 90, 87, 256, 266
599123194, 277, 184, 82, 158, 191
603161150, 282, 81, 3, 150, 180
607190109, 227, 187, 170, 111, 228
61122899, 50, 239, 133, 103, 50
615256248, 173, 38, 139, 288, 34
619283109, 83, 137, 151, 17, 48
623316133, 184, 73, 262, 103, 212
62734497, 41, 257, 135, 191, 79
631371298, 23, 124, 49, 292, 234
63540081, 240, 167, 39, 290, 241
639427183, 52, 8, 218, 272, 205
643454114, 260, 218, 184, 227, 139
64748369, 131, 230, 51, 289, 182
651510248, 263, 98, 121, 198, 6
655538149, 12, 277, 150, 236, 196
65956670, 208, 173, 153, 152, 96
663593167, 153, 33, 81, 166, 104
667622254, 27, 69, 88, 81, 110
6716491, 154, 290, 195, 100, 170
675677205, 193, 257, 102, 11, 19
679705243, 103, 107, 184, 224, 280
683739277, 69, 262, 68, 48, 247
68776664, 143, 213, 188, 45, 183
6917941, 183, 254, 264, 121, 154
695822163, 183, 86, 183, 87, 237
699850261, 21, 51, 195, 3, 296
703878246, 204, 16, 170, 5, 292
70790630, 117, 227, 5, 143, 8
71193371, 55, 46, 255, 48, 244
71596220, 49, 147, 58, 24, 236
71998979, 112, 90, 221, 224, 269
724017185, 69, 213, 141, 287, 4
728045216, 253, 35, 56, 262, 267
732072116, 93, 47, 69, 192, 143
736101183, 130, 1, 25, 164, 153
740128228, 264, 14, 223, 287, 285
744163146, 28, 62, 107, 208, 73
74819045, 117, 127, 7, 24, 199
75221882, 249, 172, 20, 231, 262
75624616, 224, 225, 202, 119, 62
760273115, 156, 116, 50, 180, 208
764302130, 83, 161, 9, 147, 100
768340166, 29, 89, 214, 89, 163
77237967, 107, 170, 231, 273, 139
776408288, 55, 287, 70, 297, 266
3001120, 156, 142, 19, 213, 53
7069181, 13, 278, 4, 19, 28
11094297, 217, 210, 182, 262, 180
1512073, 185, 278, 178, 218, 6
1914661, 268, 156, 277, 265, 144
2317226, 213, 153, 156, 95, 56
27198172, 222, 146, 216, 150, 217
31229238, 283, 288, 240, 153, 158
35256165, 198, 116, 130, 265, 277
39282225, 99, 125, 95, 121, 294
43308163, 273, 180, 231, 220, 162
47334222, 109, 115, 152, 11, 184
51360116, 236, 224, 205, 170, 79
5538758, 52, 50, 41, 224, 260
59412152, 278, 46, 207, 80, 171
6343843, 130, 162, 13, 61, 195
6746589, 228, 211, 277, 270, 222
71491160, 201, 148, 15, 64, 288
7551629, 219, 82, 6, 64, 56
79543164, 213, 15, 210, 127, 213
83569171, 98, 27, 69, 54, 243
87595290, 79, 293, 245, 121, 54
91627207, 151, 176, 68, 84, 53
9565282, 180, 15, 196, 173, 212
9967941, 297, 237, 62, 242, 191
103705277, 19, 132, 148, 185, 154
107731146, 147, 94, 229, 78, 147
111758258, 45, 199, 191, 75, 43
115783253, 129, 199, 127, 228, 247
119811257, 91, 175, 142, 30, 128
12383652, 58, 101, 228, 188, 282
127862217, 250, 94, 85, 179, 129
131889294, 136, 28, 205, 61, 48
13591590, 21, 179, 148, 93, 37
139941137, 126, 116, 96, 26, 42
14396864, 274, 244, 3, 149, 108
147994203, 120, 246, 296, 184, 223
152027100, 291, 68, 102, 193, 260
156053167, 18, 129, 81, 27, 251
16009052, 216, 192, 290, 32, 72
164127183, 162, 24, 63, 56, 149
16815487, 55, 250, 168, 21, 107
172180253, 116, 44, 52, 148, 28
176205296, 35, 138, 146, 8, 135
18023358, 216, 129, 233, 38, 16
18425954, 252, 21, 251, 247, 192
188285137, 73, 13, 261, 259, 109
19231243, 222, 71, 100, 25, 68
196338221, 212, 288, 152, 36, 262
200365228, 170, 160, 177, 10, 109
20439152, 85, 191, 65, 159, 27
208417151, 216, 179, 75, 114, 60
212445282, 249, 241, 101, 18, 158
216477295, 139, 226, 112, 226, 92
220504115, 139, 2, 48, 184, 143
224530296, 112, 298, 123, 279, 73
228557105, 239, 174, 138, 65, 91
232584136, 217, 76, 23, 265, 61
23661066, 130, 44, 293, 266, 29
240636263, 191, 46, 204, 104, 56
24466484, 179, 104, 68, 190, 78
24869050, 280, 72, 118, 88, 88
252717137, 70, 75, 76, 153, 243
256743151, 61, 84, 78, 100, 273
26077091, 42, 297, 216, 129, 77
264797216, 177, 150, 77, 79, 277
268823261, 84, 191, 195, 106, 71
272850248, 144, 43, 282, 22, 171
276883177, 276, 73, 164, 140, 203
2809093, 212, 165, 92, 223, 197
284936161, 81, 107, 278, 59, 47
288963183, 14, 113, 82, 230, 8
29298976, 171, 37, 261, 246, 4
297016119, 100, 87, 230, 259, 138
301043121, 297, 51, 246, 188, 182
30507077, 91, 15, 164, 284, 124
30909711, 121, 180, 153, 276, 58
313123243, 105, 116, 296, 36, 150
317162111, 72, 108, 70, 267, 295
321188166, 213, 182, 132, 229, 256
325216180, 45, 128, 30, 124, 214
329243113, 55, 223, 225, 175, 187
33328125, 121, 237, 220, 3, 250
337313279, 8, 196, 119, 170, 282
34134151, 26, 268, 76, 19, 215
34536745, 16, 246, 59, 126, 290
349393155, 210, 86, 6, 88, 212
35342197, 73, 85, 64, 113, 268
357447224, 202, 114, 153, 3, 261
361475236, 126, 27, 5, 124, 194
365501110, 211, 26, 24, 246, 240
369528127, 291, 180, 109, 152, 88
373556261, 49, 109, 247, 254, 215
377582229, 74, 95, 21, 154, 45
381609101, 15, 241, 116, 36, 262
3856375, 237, 204, 187, 231, 26
38966463, 60, 291, 189, 21, 19
393691162, 22, 77, 24, 94, 253
397723163, 255, 116, 148, 82, 231
4017512, 213, 75, 66, 92, 276
405777226, 292, 268, 212, 42, 195
409804182, 212, 18, 208, 253, 206
41383239, 10, 291, 74, 263, 29
417859142, 251, 23, 8, 16, 229
42188582, 87, 282, 136, 268, 38
42591371, 273, 138, 253, 291, 90
429940112, 286, 298, 273, 192, 46
433968212, 184, 62, 263, 143, 194
437995129, 256, 68, 90, 286, 84
44202195, 236, 214, 269, 269, 99
446049214, 215, 269, 100, 255, 170
450077170, 225, 8, 274, 84, 177
454104234, 252, 235, 73, 21, 218
458131174, 255, 114, 2, 162, 17
462164125, 116, 178, 283, 250, 143
466192263, 36, 26, 161, 64, 198
470230101, 87, 52, 237, 195, 103
47425735, 218, 72, 203, 134, 271
478284120, 76, 176, 265, 89, 20
48231299, 65, 12, 288, 280, 260
486339156, 28, 217, 177, 58, 22
490366234, 257, 75, 54, 270, 246
494394133, 112, 23, 40, 195, 164
49843236, 145, 44, 271, 213, 126
502459105, 217, 33, 265, 141, 258
506486246, 236, 144, 269, 234, 17
51051476, 112, 176, 71, 223, 133
514542157, 186, 244, 234, 241, 33
518569236, 251, 10, 22, 289, 21
522602180, 139, 166, 81, 21, 265
526630233, 81, 283, 125, 29, 172
530658114, 106, 14, 276, 258, 272
534685150, 217, 37, 236, 276, 162
53871370, 207, 214, 114, 22, 275
542741107, 220, 157, 211, 160, 174
54676848, 101, 194, 240, 257, 289
550796172, 87, 97, 227, 129, 189
554823127, 81, 205, 105, 32, 54
558852215, 140, 264, 245, 215, 150
562879199, 4, 298, 220, 188, 8
566906108, 76, 181, 229, 104, 217
570935271, 101, 102, 117, 269, 225
57496275, 171, 190, 162, 263, 285
578996175, 30, 161, 126, 190, 198
583023109, 114, 275, 215, 203, 161
587052120, 178, 169, 123, 148, 21
59107936, 29, 154, 191, 87, 152
595107180, 274, 90, 87, 256, 266
599135194, 277, 184, 82, 158, 191
603162150, 282, 81, 3, 150, 180
607190109, 227, 187, 170, 111, 228
61121899, 50, 239, 133, 103, 50
615244248, 173, 38, 139, 288, 34
619273109, 83, 137, 151, 17, 48
623311133, 184, 73, 262, 103, 212
62733997, 41, 257, 135, 191, 79
631366298, 23, 124, 49, 292, 234
63539481, 240, 167, 39, 290, 241
639427183, 52, 8, 218, 272, 205
643454114, 260, 218, 184, 227, 139
64748369, 131, 230, 51, 289, 182
651510248, 263, 98, 121, 198, 6
655538149, 12, 277, 150, 236, 196
65956670, 208, 173, 153, 152, 96
663593167, 153, 33, 81, 166, 104
667631254, 27, 69, 88, 81, 110
6716601, 154, 290, 195, 100, 170
675687205, 193, 257, 102, 11, 19
679715243, 103, 107, 184, 224, 280
683743277, 69, 262, 68, 48, 247
68777064, 143, 213, 188, 45, 183
6917991, 183, 254, 264, 121, 154
695826163, 183, 86, 183, 87, 237
699859261, 21, 51, 195, 3, 296
703888246, 204, 16, 170, 5, 292
70791530, 117, 227, 5, 143, 8
71194371, 55, 46, 255, 48, 244
71597020, 49, 147, 58, 24, 236
71999879, 112, 90, 221, 224, 269
724026185, 69, 213, 141, 287, 4
728053216, 253, 35, 56, 262, 267
732082116, 93, 47, 69, 192, 143
736109183, 130, 1, 25, 164, 153
740137228, 264, 14, 223, 287, 285
744165146, 28, 62, 107, 208, 73
74819345, 117, 127, 7, 24, 199
75222182, 249, 172, 20, 231, 262
75624816, 224, 225, 202, 119, 62
760275115, 156, 116, 50, 180, 208
764310130, 83, 161, 9, 147, 100
768337166, 29, 89, 214, 89, 163
77236667, 107, 170, 231, 273, 139
776404288, 55, 287, 70, 297, 266
3000120, 156, 142, 19, 213, 53
4090181, 13, 278, 4, 19, 28
5114297, 217, 210, 182, 262, 180
614073, 185, 278, 178, 218, 6
716561, 268, 156, 277, 265, 144
819226, 213, 153, 156, 95, 56
9217172, 222, 146, 216, 150, 217
10243238, 283, 288, 240, 153, 158
11268165, 198, 116, 130, 265, 277
12294225, 99, 125, 95, 121, 294
13320163, 273, 180, 231, 220, 162
14351222, 109, 115, 152, 11, 184
15377116, 236, 224, 205, 170, 79
1640258, 52, 50, 41, 224, 260
17438152, 278, 46, 207, 80, 171
1846443, 130, 162, 13, 61, 195
1949089, 228, 211, 277, 270, 222
20516160, 201, 148, 15, 64, 288
2154129, 219, 82, 6, 64, 56
22567164, 213, 15, 210, 127, 213
23593171, 98, 27, 69, 54, 243
24619290, 79, 293, 245, 121, 54
3000120, 156, 142, 19, 213, 53
4027181, 13, 278, 4, 19, 28
5052297, 217, 210, 182, 262, 180
607773, 185, 278, 178, 218, 6
710361, 268, 156, 277, 265, 144
813426, 213, 153, 156, 95, 56
9159172, 222, 146, 216, 150, 217
10185238, 283, 288, 240, 153, 158
11210165, 198, 116, 130, 265, 277
12236225, 99, 125, 95, 121, 294
13262163, 273, 180, 231, 220, 162
14288222, 109, 115, 152, 11, 184
15314116, 236, 224, 205, 170, 79
1633958, 52, 50, 41, 224, 260
17366152, 278, 46, 207, 80, 171
1839243, 130, 162, 13, 61, 195
1941789, 228, 211, 277, 270, 222
20454160, 201, 148, 15, 64, 288
2147929, 219, 82, 6, 64, 56
22505164, 213, 15, 210, 127, 213
23531171, 98, 27, 69, 54, 243
24562290, 79, 293, 245, 121, 54
3000120, 156, 142, 19, 213, 53
4027181, 13, 278, 4, 19, 28
5052297, 217, 210, 182, 262, 180
607773, 185, 278, 178, 218, 6
710261, 268, 156, 277, 265, 144
812826, 213, 153, 156, 95, 56
9153172, 222, 146, 216, 150, 217
10179238, 283, 288, 240, 153, 158
11204165, 198, 116, 130, 265, 277
12230225, 99, 125, 95, 121, 294
13256163, 273, 180, 231, 220, 162
14281222, 109, 115, 152, 11, 184
15318116, 236, 224, 205, 170, 79
1634458, 52, 50, 41, 224, 260
17375152, 278, 46, 207, 80, 171
1840143, 130, 162, 13, 61, 195
1942689, 228, 211, 277, 270, 222
20452160, 201, 148, 15, 64, 288
2147729, 219, 82, 6, 64, 56
22503164, 213, 15, 210, 127, 213
23529171, 98, 27, 69, 54, 243
24554290, 79, 293, 245, 121, 54
3000120, 156, 142, 19, 213, 53
4027181, 13, 278, 4, 19, 28
5052297, 217, 210, 182, 262, 180
607773, 185, 278, 178, 218, 6
710261, 268, 156, 277, 265, 144
812826, 213, 153, 156, 95, 56
9153172, 222, 146, 216, 150, 217
10179238, 283, 288, 240, 153, 158
11210165, 198, 116, 130, 265, 277
12235225, 99, 125, 95, 121, 294
13261163, 273, 180, 231, 220, 162
14298222, 109, 115, 152, 11, 184
15324116, 236, 224, 205, 170, 79
1635058, 52, 50, 41, 224, 260
17375152, 278, 46, 207, 80, 171
1840143, 130, 162, 13, 61, 195
1942689, 228, 211, 277, 270, 222
20452160, 201, 148, 15, 64, 288
2147829, 219, 82, 6, 64, 56
3000120, 156, 142, 19, 213, 53
4027181, 13, 278, 4, 19, 28
5052297, 217, 210, 182, 262, 180
607773, 185, 278, 178, 218, 6
710261, 268, 156, 277, 265, 144
813326, 213, 153, 156, 95, 56
9158172, 222, 146, 216, 150, 217
10184238, 283, 288, 240, 153, 158
11209165, 198, 116, 130, 265, 277
12235225, 99, 125, 95, 121, 294
13261163, 273, 180, 231, 220, 162
14286222, 109, 115, 152, 11, 184
15323116, 236, 224, 205, 170, 79
1634958, 52, 50, 41, 224, 260
3000120, 156, 142, 19, 213, 53
4027181, 13, 278, 4, 19, 28
5052297, 217, 210, 182, 262, 180
607773, 185, 278, 178, 218, 6
710261, 268, 156, 277, 265, 144
812826, 213, 153, 156, 95, 56
9157172, 222, 146, 216, 150, 217
10182238, 283, 288, 240, 153, 158
11208165, 198, 116, 130, 265, 277
12233225, 99, 125, 95, 121, 294
13259163, 273, 180, 231, 220, 162
14285222, 109, 115, 152, 11, 184
15310116, 236, 224, 205, 170, 79
1633658, 52, 50, 41, 224, 260
17361152, 278, 46, 207, 80, 171
1838743, 130, 162, 13, 61, 195
1941289, 228, 211, 277, 270, 222
20450160, 201, 148, 15, 64, 288
2147529, 219, 82, 6, 64, 56
22501164, 213, 15, 210, 127, 213
23527171, 98, 27, 69, 54, 243
24552290, 79, 293, 245, 121, 54
3000120, 156, 142, 19, 213, 53
4067181, 13, 278, 4, 19, 28
5092297, 217, 210, 182, 262, 180
611773, 185, 278, 178, 218, 6
714261, 268, 156, 277, 265, 144
816826, 213, 153, 156, 95, 56
9194172, 222, 146, 216, 150, 217
10219238, 283, 288, 240, 153, 158
11245165, 198, 116, 130, 265, 277
12271225, 99, 125, 95, 121, 294
13297163, 273, 180, 231, 220, 162
14322222, 109, 115, 152, 11, 184
15348116, 236, 224, 205, 170, 79
1637458, 52, 50, 41, 224, 260
17399152, 278, 46, 207, 80, 171
1843243, 130, 162, 13, 61, 195
1945889, 228, 211, 277, 270, 222
20483160, 201, 148, 15, 64, 288
2150929, 219, 82, 6, 64, 56
22545164, 213, 15, 210, 127, 213
23571171, 98, 27, 69, 54, 243
24597290, 79, 293, 245, 121, 54
3000120, 156, 142, 19, 213, 53
4027181, 13, 278, 4, 19, 28
5052297, 217, 210, 182, 262, 180
607873, 185, 278, 178, 218, 6
710361, 268, 156, 277, 265, 144
812926, 213, 153, 156, 95, 56
9154172, 222, 146, 216, 150, 217
10180238, 283, 288, 240, 153, 158
11205165, 198, 116, 130, 265, 277
12237225, 99, 125, 95, 121, 294
13263163, 273, 180, 231, 220, 162
14288222, 109, 115, 152, 11, 184
15314116, 236, 224, 205, 170, 79
1634058, 52, 50, 41, 224, 260
17366152, 278, 46, 207, 80, 171
1839343, 130, 162, 13, 61, 195
1941889, 228, 211, 277, 270, 222
20444160, 201, 148, 15, 64, 288
2148029, 219, 82, 6, 64, 56
22506164, 213, 15, 210, 127, 213
23532171, 98, 27, 69, 54, 243
24558290, 79, 293, 245, 121, 54
25583207, 151, 176, 68, 84, 53
2660982, 180, 15, 196, 173, 212
3000120, 156, 142, 19, 213, 53
4032181, 13, 278, 4, 19, 28
5057297, 217, 210, 182, 262, 180
608373, 185, 278, 178, 218, 6
710861, 268, 156, 277, 265, 144
813426, 213, 153, 156, 95, 56
9159172, 222, 146, 216, 150, 217
10185238, 283, 288, 240, 153, 158
11210165, 198, 116, 130, 265, 277
12236225, 99, 125, 95, 121, 294
13262163, 273, 180, 231, 220, 162
3000120, 156, 142, 19, 213, 53
4069181, 13, 278, 4, 19, 28
5093297, 217, 210, 182, 262, 180
611873, 185, 278, 178, 218, 6
715461, 268, 156, 277, 265, 144
818026, 213, 153, 156, 95, 56
9211172, 222, 146, 216, 150, 217
10236238, 283, 288, 240, 153, 158
11261165, 198, 116, 130, 265, 277
12288225, 99, 125, 95, 121, 294
13314163, 273, 180, 231, 220, 162
14340222, 109, 115, 152, 11, 184
15365116, 236, 224, 205, 170, 79
1639158, 52, 50, 41, 224, 260
17416152, 278, 46, 207, 80, 171
1844343, 130, 162, 13, 61, 195
1946889, 228, 211, 277, 270, 222
20494160, 201, 148, 15, 64, 288
2151929, 219, 82, 6, 64, 56
22545164, 213, 15, 210, 127, 213
23571171, 98, 27, 69, 54, 243
24602290, 79, 293, 245, 121, 54
25627207, 151, 176, 68, 84, 53
2665382, 180, 15, 196, 173, 212
2767841, 297, 237, 62, 242, 191
28705277, 19, 132, 148, 185, 154
29730146, 147, 94, 229, 78, 147
30756258, 45, 199, 191, 75, 43
31781253, 129, 199, 127, 228, 247
32807257, 91, 175, 142, 30, 128
3383552, 58, 101, 228, 188, 282
34860217, 250, 94, 85, 179, 129
35886294, 136, 28, 205, 61, 48
3691290, 21, 179, 148, 93, 37
37938137, 126, 116, 96, 26, 42
3896464, 274, 244, 3, 149, 108
39990203, 120, 246, 296, 184, 223
41021100, 291, 68, 102, 193, 260
42047167, 18, 129, 81, 27, 251
4308352, 216, 192, 290, 32, 72
44110183, 162, 24, 63, 56, 149
4513587, 55, 250, 168, 21, 107
46161253, 116, 44, 52, 148, 28
47187296, 35, 138, 146, 8, 135
4821458, 216, 129, 233, 38, 16
4924054, 252, 21, 251, 247, 192
50277137, 73, 13, 261, 259, 109
5130243, 222, 71, 100, 25, 68
52328221, 212, 288, 152, 36, 262
53354228, 170, 160, 177, 10, 109
5438052, 85, 191, 65, 159, 27
55406151, 216, 179, 75, 114, 60
56437282, 249, 241, 101, 18, 158
57463295, 139, 226, 112, 226, 92
58489115, 139, 2, 48, 184, 143
59516296, 112, 298, 123, 279, 73
60542105, 239, 174, 138, 65, 91
61569136, 217, 76, 23, 265, 61
6259466, 130, 44, 293, 266, 29
63620263, 191, 46, 204, 104, 56
6464784, 179, 104, 68, 190, 78
6567350, 280, 72, 118, 88, 88
66698137, 70, 75, 76, 153, 243
67724151, 61, 84, 78, 100, 273
6875091, 42, 297, 216, 129, 77
69777216, 177, 150, 77, 79, 277
70802261, 84, 191, 195, 106, 71
71828248, 144, 43, 282, 22, 171
72860177, 276, 73, 164, 140, 203
738863, 212, 165, 92, 223, 197
74912161, 81, 107, 278, 59, 47
75938183, 14, 113, 82, 230, 8
7696476, 171, 37, 261, 246, 4
77990119, 100, 87, 230, 259, 138
79016121, 297, 51, 246, 188, 182
8004477, 91, 15, 164, 284, 124
8107011, 121, 180, 153, 276, 58
82106243, 105, 116, 296, 36, 150
83133111, 72, 108, 70, 267, 295
84158166, 213, 182, 132, 229, 256
85185180, 45, 128, 30, 124, 214
86211113, 55, 223, 225, 175, 187
8723725, 121, 237, 220, 3, 250
88263279, 8, 196, 119, 170, 282
8929551, 26, 268, 76, 19, 215
9032145, 16, 246, 59, 126, 290
91347155, 210, 86, 6, 88, 212
9238497, 73, 85, 64, 113, 268
93410224, 202, 114, 153, 3, 261
94436236, 126, 27, 5, 124, 194
95462110, 211, 26, 24, 246, 240
96488127, 291, 180, 109, 152, 88
97514261, 49, 109, 247, 254, 215
98540229, 74, 95, 21, 154, 45
99566101, 15, 241, 116, 36, 262
1005935, 237, 204, 187, 231, 26
10161963, 60, 291, 189, 21, 19
102645162, 22, 77, 24, 94, 253
103671163, 255, 116, 148, 82, 231
1047042, 213, 75, 66, 92, 276
105730226, 292, 268, 212, 42, 195
106756182, 212, 18, 208, 253, 206
10778339, 10, 291, 74, 263, 29
108809142, 251, 23, 8, 16, 229
10983582, 87, 282, 136, 268, 38
11086171, 273, 138, 253, 291, 90
111888112, 286, 298, 273, 192, 46
112914212, 184, 62, 263, 143, 194
113940129, 256, 68, 90, 286, 84
11496695, 236, 214, 269, 269, 99
115993214, 215, 269, 100, 255, 170
117020170, 225, 8, 274, 84, 177
118046234, 252, 235, 73, 21, 218
119072174, 255, 114, 2, 162, 17
120098125, 116, 178, 283, 250, 143
121142263, 36, 26, 161, 64, 198
122168101, 87, 52, 237, 195, 103
12319435, 218, 72, 203, 134, 271
124221120, 76, 176, 265, 89, 20
12524799, 65, 12, 288, 280, 260
126274156, 28, 217, 177, 58, 22
3000120, 156, 142, 19, 213, 53
4028181, 13, 278, 4, 19, 28
5053297, 217, 210, 182, 262, 180
607873, 185, 278, 178, 218, 6
710361, 268, 156, 277, 265, 144
814026, 213, 153, 156, 95, 56
9165172, 222, 146, 216, 150, 217
10190238, 283, 288, 240, 153, 158
11216165, 198, 116, 130, 265, 277
12248225, 99, 125, 95, 121, 294
3000120, 156, 142, 19, 213, 53
4069181, 13, 278, 4, 19, 28
5093297, 217, 210, 182, 262, 180
611873, 185, 278, 178, 218, 6
714361, 268, 156, 277, 265, 144
816926, 213, 153, 156, 95, 56
9194172, 222, 146, 216, 150, 217
10220238, 283, 288, 240, 153, 158
11245165, 198, 116, 130, 265, 277
12271225, 99, 125, 95, 121, 294
13297163, 273, 180, 231, 220, 162
14322222, 109, 115, 152, 11, 184
15348116, 236, 224, 205, 170, 79
1637358, 52, 50, 41, 224, 260
17399152, 278, 46, 207, 80, 171
1843043, 130, 162, 13, 61, 195
1945789, 228, 211, 277, 270, 222
20482160, 201, 148, 15, 64, 288
2150829, 219, 82, 6, 64, 56
22533164, 213, 15, 210, 127, 213
23559171, 98, 27, 69, 54, 243
24585290, 79, 293, 245, 121, 54
25610207, 151, 176, 68, 84, 53
2663682, 180, 15, 196, 173, 212
2766141, 297, 237, 62, 242, 191
28687277, 19, 132, 148, 185, 154
29713146, 147, 94, 229, 78, 147
30739258, 45, 199, 191, 75, 43
31764253, 129, 199, 127, 228, 247
32790257, 91, 175, 142, 30, 128
3382252, 58, 101, 228, 188, 282
34847217, 250, 94, 85, 179, 129
35873294, 136, 28, 205, 61, 48
3689990, 21, 179, 148, 93, 37
